{
  "gamma": 1.0,
  "best_threshold": 0.49840500950813293,
  "dev_best_f1": 0.7131474103086164,
  "default_f1": 0.721922511034821,
  "tuned_f1": 0.721922511034821
}