{
  "distilbert_weight": 0.6000000000000001,
  "logistic_regression_weight": 0.3999999999999999
}