{
  "gamma": 1.0,
  "best_threshold": 0.6057407259941101,
  "dev_best_f1": 0.7270955165193393,
  "default_f1": 0.7015250544662309,
  "tuned_f1": 0.7257224064424443
}